<?xml version="1.0" encoding="UTF-8" standalone="no"?>
<raConfiguration version="7">
  <generalSettings>
    <option key="#Board#" value="board.ra2e1_ek"/>
    <option key="CPU" value="RA2E1"/>
    <option key="Core" value="CM23"/>
    <option key="#TargetName#" value="R7FA2E1A92DFM"/>
    <option key="#TargetARCHITECTURE#" value="cortex-m23"/>
    <option key="#DeviceCommand#" value="R7FA2E1A9"/>
    <option key="#RTOS#" value="_none"/>
    <option key="#pinconfiguration#" value="R7FA2E1A92DFM.pincfg"/>
    <option key="#FSPVersion#" value="4.5.0"/>
    <option key="#ConfigurationFragments#" value="Renesas##BSP##Board##ra2e1_ek##"/>
    <option key="#SELECTED_TOOLCHAIN#" value="gcc-arm-embedded"/>
    <option key="#ToolchainVersion#" value="12.2.1.arm-12-mpacbti-34"/>
  </generalSettings>
  <raBspConfiguration>
    <config id="config.bsp.ra2e1.R7FA2E1A92DFM">
      <property id="config.bsp.part_number" value="config.bsp.part_number.value"/>
      <property id="config.bsp.rom_size_bytes" value="config.bsp.rom_size_bytes.value"/>
      <property id="config.bsp.rom_size_bytes_hidden" value="131072"/>
      <property id="config.bsp.ram_size_bytes" value="config.bsp.ram_size_bytes.value"/>
      <property id="config.bsp.data_flash_size_bytes" value="config.bsp.data_flash_size_bytes.value"/>
      <property id="config.bsp.package_style" value="config.bsp.package_style.value"/>
      <property id="config.bsp.package_pins" value="config.bsp.package_pins.value"/>
      <property id="config.bsp.irq_count_hidden" value="32"/>
    </config>
    <config id="config.bsp.ra2e1">
      <property id="config.bsp.series" value="config.bsp.series.value"/>
    </config>
    <config id="config.bsp.ra2e1.fsp">
      <property id="config.bsp.fsp.OFS0.iwdt_start_mode" value="config.bsp.fsp.OFS0.iwdt_start_mode.disabled"/>
      <property id="config.bsp.fsp.OFS0.iwdt_timeout" value="config.bsp.fsp.OFS0.iwdt_timeout.2048"/>
      <property id="config.bsp.fsp.OFS0.iwdt_divisor" value="config.bsp.fsp.OFS0.iwdt_divisor.128"/>
      <property id="config.bsp.fsp.OFS0.iwdt_window_end" value="config.bsp.fsp.OFS0.iwdt_window_end.0"/>
      <property id="config.bsp.fsp.OFS0.iwdt_window_start" value="config.bsp.fsp.OFS0.iwdt_window_start.100"/>
      <property id="config.bsp.fsp.OFS0.iwdt_reset_interrupt" value="config.bsp.fsp.OFS0.iwdt_reset_interrupt.Reset"/>
      <property id="config.bsp.fsp.OFS0.iwdt_stop_control" value="config.bsp.fsp.OFS0.iwdt_stop_control.stops"/>
      <property id="config.bsp.fsp.OFS0.wdt_start_mode" value="config.bsp.fsp.OFS0.wdt_start_mode.register"/>
      <property id="config.bsp.fsp.OFS0.wdt_timeout" value="config.bsp.fsp.OFS0.wdt_timeout.16384"/>
      <property id="config.bsp.fsp.OFS0.wdt_divisor" value="config.bsp.fsp.OFS0.wdt_divisor.128"/>
      <property id="config.bsp.fsp.OFS0.wdt_window_end" value="config.bsp.fsp.OFS0.wdt_window_end.0"/>
      <property id="config.bsp.fsp.OFS0.wdt_window_start" value="config.bsp.fsp.OFS0.wdt_window_start.100"/>
      <property id="config.bsp.fsp.OFS0.wdt_reset_interrupt" value="config.bsp.fsp.OFS0.wdt_reset_interrupt.Reset"/>
      <property id="config.bsp.fsp.OFS0.wdt_stop_control" value="config.bsp.fsp.OFS0.wdt_stop_control.stops"/>
      <property id="config.bsp.fsp.OFS1.internal_clock_supply" value="config.bsp.fsp.OFS1.internal_clock_supply.type_a"/>
      <property id="config.bsp.fsp.OFS1.voltage_detection0.start" value="config.bsp.fsp.OFS1.voltage_detection0.start.disabled"/>
      <property id="config.bsp.fsp.OFS1.voltage_detection0_level" value="config.bsp.fsp.OFS1.voltage_detection0_level.190"/>
      <property id="config.bsp.fsp.OFS1.hoco_osc" value="config.bsp.fsp.OFS1.hoco_osc.enabled"/>
      <property id="config.bsp.low_voltage_mode" value="config.bsp.low_voltage_mode.disabled"/>
      <property id="config.bsp.fsp.mpu_pc0_enable" value="config.bsp.fsp.mpu_pc0_enable.disabled"/>
      <property id="config.bsp.fsp.mpu_pc0_start" value="0x000FFFFC"/>
      <property id="config.bsp.fsp.mpu_pc0_end" value="0x000FFFFF"/>
      <property id="config.bsp.fsp.mpu_pc1_enable" value="config.bsp.fsp.mpu_pc1_enable.disabled"/>
      <property id="config.bsp.fsp.mpu_pc1_start" value="0x000FFFFC"/>
      <property id="config.bsp.fsp.mpu_pc1_end" value="0x000FFFFF"/>
      <property id="config.bsp.fsp.mpu_reg0_enable" value="config.bsp.fsp.mpu_reg0_enable.disabled"/>
      <property id="config.bsp.fsp.mpu_reg0_start" value="0x000FFFFC"/>
      <property id="config.bsp.fsp.mpu_reg0_end" value="0x000FFFFF"/>
      <property id="config.bsp.fsp.mpu_reg1_enable" value="config.bsp.fsp.mpu_reg1_enable.disabled"/>
      <property id="config.bsp.fsp.mpu_reg1_start" value="0x200FFFFC"/>
      <property id="config.bsp.fsp.mpu_reg1_end" value="0x200FFFFF"/>
      <property id="config.bsp.fsp.mpu_reg2_enable" value="config.bsp.fsp.mpu_reg2_enable.disabled"/>
      <property id="config.bsp.fsp.mpu_reg2_start" value="0x407FFFFC"/>
      <property id="config.bsp.fsp.mpu_reg2_end" value="0x407FFFFF"/>
      <property id="config.bsp.fsp.mpu_reg3_enable" value="config.bsp.fsp.mpu_reg3_enable.disabled"/>
      <property id="config.bsp.fsp.mpu_reg3_start" value="0x400DFFFC"/>
      <property id="config.bsp.fsp.mpu_reg3_end" value="0x400DFFFF"/>
      <property id="config.bsp.common.main_osc_wait" value="config.bsp.common.main_osc_wait.wait_8163"/>
      <property id="config.bsp.fsp.mcu.adc.max_freq_hz" value="64000000"/>
      <property id="config.bsp.fsp.mcu.sci_uart.max_baud" value="3333333"/>
      <property id="config.bsp.fsp.mcu.sci_spi.max_bitrate" value="8000000"/>
      <property id="config.bsp.fsp.mcu.spi.max_bitrate" value="16000000"/>
      <property id="config.bsp.fsp.mcu.iic_master.rate.rate_fastplus" value="0"/>
      <property id="config.bsp.fsp.mcu.iic_master.fastplus_channels" value="0"/>
      <property id="config.bsp.fsp.mcu.iic_slave.rate.rate_fastplus" value="0"/>
      <property id="config.bsp.fsp.mcu.iic_slave.fastplus_channels" value="0x0"/>
      <property id="config.bsp.fsp.mcu.sci_uart.cstpen_channels" value="0x0"/>
      <property id="config.bsp.fsp.mcu.gpt.pin_count_source_channels" value="0xFFFF"/>
      <property id="config.bsp.common.id_mode" value="config.bsp.common.id_mode.unlocked"/>
      <property id="config.bsp.common.id_code" value="FFFFFFFFFFFFFFFFFFFFFFFFFFFFFFFF"/>
      <property id="config.bsp.common.id1" value=""/>
      <property id="config.bsp.common.id2" value=""/>
      <property id="config.bsp.common.id3" value=""/>
      <property id="config.bsp.common.id4" value=""/>
      <property id="config.bsp.common.id_fixed" value=""/>
    </config>
    <config id="config.bsp.ra">
      <property id="config.bsp.common.main" value="0x400"/>
      <property id="config.bsp.common.heap" value="0"/>
      <property id="config.bsp.common.vcc" value="3300"/>
      <property id="config.bsp.common.checking" value="config.bsp.common.checking.disabled"/>
      <property id="config.bsp.common.assert" value="config.bsp.common.assert.none"/>
      <property id="config.bsp.common.error_log" value="config.bsp.common.error_log.none"/>
      <property id="config.bsp.common.soft_reset" value="config.bsp.common.soft_reset.disabled"/>
      <property id="config.bsp.common.main_osc_populated" value="config.bsp.common.main_osc_populated.disabled"/>
      <property id="config.bsp.common.pfs_protect" value="config.bsp.common.pfs_protect.enabled"/>
      <property id="config.bsp.common.c_runtime_init" value="config.bsp.common.c_runtime_init.enabled"/>
      <property id="config.bsp.common.early_init" value="config.bsp.common.early_init.disabled"/>
      <property id="config.bsp.common.main_osc_clock_source" value="config.bsp.common.main_osc_clock_source.crystal"/>
      <property id="config.bsp.common.subclock_populated" value="config.bsp.common.subclock_populated.disabled"/>
      <property id="config.bsp.common.subclock_drive" value="config.bsp.common.subclock_drive.standard"/>
      <property id="config.bsp.common.subclock_stabilization_ms" value="1000"/>
    </config>
  </raBspConfiguration>
  <raClockConfiguration>
    <node id="board.clock.xtal.freq" mul="20000000" option="_edit"/>
    <node id="board.clock.hoco.freq" option="board.clock.hoco.freq.48m"/>
    <node id="board.clock.loco.freq" option="board.clock.loco.freq.32768"/>
    <node id="board.clock.moco.freq" option="board.clock.moco.freq.8m"/>
    <node id="board.clock.subclk.freq" option="board.clock.subclk.freq.32768"/>
    <node id="board.clock.clock.source" option="board.clock.clock.source.hoco"/>
    <node id="board.clock.iclk.div" option="board.clock.iclk.div.1"/>
    <node id="board.clock.iclk.display" option="board.clock.iclk.display.value"/>
    <node id="board.clock.pclkb.div" option="board.clock.pclkb.div.2"/>
    <node id="board.clock.pclkb.display" option="board.clock.pclkb.display.value"/>
    <node id="board.clock.pclkd.div" option="board.clock.pclkd.div.1"/>
    <node id="board.clock.pclkd.display" option="board.clock.pclkd.display.value"/>
    <node id="board.clock.clkout.source" option="board.clock.clkout.source.disabled"/>
    <node id="board.clock.clkout.div" option="board.clock.clkout.div.1"/>
    <node id="board.clock.clkout.display" option="board.clock.clkout.display.value"/>
  </raClockConfiguration>
  <raComponentSelection>
    <component apiversion="" class="Common" condition="" group="all" subgroup="fsp_common" variant="" vendor="Renesas" version="4.5.0">
      <description>Board Support Package Common Files</description>
      <originalPack>Renesas.RA.4.5.0.pack</originalPack>
    </component>
    <component apiversion="" class="HAL Drivers" condition="" group="all" subgroup="r_ioport" variant="" vendor="Renesas" version="4.5.0">
      <description>I/O Port</description>
      <originalPack>Renesas.RA.4.5.0.pack</originalPack>
    </component>
    <component apiversion="" class="CMSIS" condition="" group="CMSIS5" subgroup="CoreM" variant="" vendor="Arm" version="5.9.0+renesas.0.fsp.4.5.0">
      <description>Arm CMSIS Version 5 - Core (M)</description>
      <originalPack>Arm.CMSIS5.5.9.0+renesas.0.fsp.4.5.0.pack</originalPack>
    </component>
    <component apiversion="" class="BSP" condition="" group="ra2e1" subgroup="device" variant="R7FA2E1A92DFM" vendor="Renesas" version="4.5.0">
      <description>Board support package for R7FA2E1A92DFM</description>
      <originalPack>Renesas.RA_mcu_ra2e1.4.5.0.pack</originalPack>
    </component>
    <component apiversion="" class="BSP" condition="" group="ra2e1" subgroup="device" variant="" vendor="Renesas" version="4.5.0">
      <description>Board support package for RA2E1</description>
      <originalPack>Renesas.RA_mcu_ra2e1.4.5.0.pack</originalPack>
    </component>
    <component apiversion="" class="BSP" condition="" group="ra2e1" subgroup="fsp" variant="" vendor="Renesas" version="4.5.0">
      <description>Board support package for RA2E1 - FSP Data</description>
      <originalPack>Renesas.RA_mcu_ra2e1.4.5.0.pack</originalPack>
    </component>
    <component apiversion="" class="BSP" condition="" group="Board" subgroup="ra2e1_ek" variant="" vendor="Renesas" version="4.5.0">
      <description>RA2E1-EK Board Support Files</description>
      <originalPack>Renesas.RA_board_ra2e1_ek.4.5.0.pack</originalPack>
    </component>
    <component apiversion="" class="HAL Drivers" condition="" group="all" subgroup="r_sci_i2c" variant="" vendor="Renesas" version="4.5.0">
      <description>SCI I2C Master Interface</description>
      <originalPack>Renesas.RA.4.5.0.pack</originalPack>
    </component>
  </raComponentSelection>
  <raElcConfiguration/>
  <raIcuConfiguration/>
  <raModuleConfiguration>
    <module id="module.driver.ioport_on_ioport.0">
      <property id="module.driver.ioport.name" value="g_ioport"/>
      <property id="module.driver.ioport.elc_trigger_ioport1" value="_disabled"/>
      <property id="module.driver.ioport.elc_trigger_ioport2" value="_disabled"/>
      <property id="module.driver.ioport.elc_trigger_ioport3" value="_disabled"/>
      <property id="module.driver.ioport.elc_trigger_ioport4" value="_disabled"/>
      <property id="module.driver.ioport.pincfg" value="g_bsp_pin_cfg"/>
    </module>
    <module id="module.driver.i2c_on_sci_i2c.1843371656">
      <property id="module.driver.i2c.name" value="g_i2c0"/>
      <property id="module.driver.i2c.channel" value="2"/>
      <property id="module.driver.i2c.slave" value="0x39"/>
      <property id="module.driver.i2c.addr_mode" value="module.driver.i2c.addr_mode.addr_mode_7bit"/>
      <property id="module.driver.i2c.rate" value="module.driver.i2c.rate.rate_fast"/>
      <property id="module.driver.i2c.sda_delay" value="300"/>
      <property id="module.driver.i2c.snfr" value="module.driver.i2c.snfr.div_one"/>
      <property id="module.driver.i2c.bitrate_modulation" value="module.driver.i2c.bitrate_modulation.true"/>
      <property id="module.driver.i2c.p_callback" value="i2c_master_callback"/>
      <property id="module.driver.i2c.ipl" value="board.icu.common.irq.priority2"/>
      <property id="module.driver.i2c.rx_ipl" value="_disabled"/>
    </module>
    <context id="_hal.0">
      <stack module="module.driver.ioport_on_ioport.0"/>
      <stack module="module.driver.i2c_on_sci_i2c.1843371656"/>
    </context>
    <config id="config.driver.ioport">
      <property id="config.driver.ioport.checking" value="config.driver.ioport.checking.system"/>
    </config>
    <config id="config.driver.sci_i2c">
      <property id="config.driver.sci_i2c.param_checking_enable" value="config.driver.sci_i2c.param_checking_enable.bsp"/>
      <property id="config.driver.sci_i2c.dtc_enable" value="config.driver.sci_i2c.dtc_enable.disabled"/>
      <property id="config.driver.sci_i2c.addr_mode_10_bit_enable" value="config.driver.sci_i2c.addr_mode_10_bit_enable.disabled"/>
    </config>
  </raModuleConfiguration>
  <raPinConfiguration>
    <symbolicName propertyId="p000.symbolic_name" value="ARDUINO_A0_MIKROBUS_AN"/>
    <symbolicName propertyId="p001.symbolic_name" value="ARDUINO_A1"/>
    <symbolicName propertyId="p002.symbolic_name" value="ARDUINO_A2"/>
    <symbolicName propertyId="p003.symbolic_name" value="ARDUINO_A3"/>
    <symbolicName propertyId="p004.symbolic_name" value="USER_SW1"/>
    <symbolicName propertyId="p012.symbolic_name" value="ARDUINO_A4"/>
    <symbolicName propertyId="p013.symbolic_name" value="ARDUINO_A5"/>
    <symbolicName propertyId="p015.symbolic_name" value="USER_SW2"/>
    <symbolicName propertyId="p100.symbolic_name" value="ARDUINO_MISO_MIKROBUS_MISO_PMOD1_MISO"/>
    <symbolicName propertyId="p101.symbolic_name" value="ARDUINO_MOSI_MIKROBUS_MOSI_PMOD1_MOSI"/>
    <symbolicName propertyId="p102.symbolic_name" value="ARDUINO_CLK_MIKROBUS_CLK_PMOD1_CLK"/>
    <symbolicName propertyId="p103.symbolic_name" value="ARDUINO_SS_MIKROBUS_SS_PMOD1_SS"/>
    <symbolicName propertyId="p104.symbolic_name" value="ARDUINO_D3"/>
    <symbolicName propertyId="p105.symbolic_name" value="PMOD1_IO1"/>
    <symbolicName propertyId="p106.symbolic_name" value="PMOD1_IO2"/>
    <symbolicName propertyId="p107.symbolic_name" value="ARDUINO_D4"/>
    <symbolicName propertyId="p109.symbolic_name" value="ARDUINO_D8"/>
    <symbolicName propertyId="p110.symbolic_name" value="ARDUINO_D2_MIKROBUS_INT"/>
    <symbolicName propertyId="p111.symbolic_name" value="MIKROBUS_PWM"/>
    <symbolicName propertyId="p112.symbolic_name" value="ARDUINO_D9"/>
    <symbolicName propertyId="p113.symbolic_name" value="ARDUINO_D7"/>
    <symbolicName propertyId="p205.symbolic_name" value="ARDUINO_TX_MIKROBUS_TX"/>
    <symbolicName propertyId="p206.symbolic_name" value="ARDUINO_RX_MIKROBUS_RX"/>
    <symbolicName propertyId="p207.symbolic_name" value="ARDUINO_RESET_MIKROBUS_RST"/>
    <symbolicName propertyId="p208.symbolic_name" value="PMOD1_RST"/>
    <symbolicName propertyId="p301.symbolic_name" value="GROVE1_SCL_QWIIC_SCL"/>
    <symbolicName propertyId="p302.symbolic_name" value="GROVE1_SDA_QWIIC_SDA"/>
    <symbolicName propertyId="p303.symbolic_name" value="PMOD2_RST"/>
    <symbolicName propertyId="p304.symbolic_name" value="PMOD2_IO2"/>
    <symbolicName propertyId="p400.symbolic_name" value="PMOD2_SCK"/>
    <symbolicName propertyId="p401.symbolic_name" value="PMOD2_TXD"/>
    <symbolicName propertyId="p402.symbolic_name" value="PMOD2_RXD"/>
    <symbolicName propertyId="p403.symbolic_name" value="PMOD2_CTS"/>
    <symbolicName propertyId="p407.symbolic_name" value="ARDUINO_SDA_MIKROBUS_SDA"/>
    <symbolicName propertyId="p408.symbolic_name" value="ARDUINO_SCL_MIKROBUS_SCL"/>
    <symbolicName propertyId="p409.symbolic_name" value="PMOD2_INT"/>
    <symbolicName propertyId="p410.symbolic_name" value="PMOD2_CS2"/>
    <symbolicName propertyId="p411.symbolic_name" value="PMOD1_INT"/>
    <symbolicName propertyId="p500.symbolic_name" value="ARDUINO_D6"/>
    <symbolicName propertyId="p501.symbolic_name" value="GROVE2_SDA"/>
    <symbolicName propertyId="p502.symbolic_name" value="GROVE2_SCL"/>
    <symbolicName propertyId="p913.symbolic_name" value="USER_LED3"/>
    <symbolicName propertyId="p914.symbolic_name" value="USER_LED2"/>
    <symbolicName propertyId="p915.symbolic_name" value="USER_LED1"/>
    <pincfg active="true" name="RA2E1 EK" selected="true" symbol="g_bsp_pin_cfg">
      <configSetting altId="adc0.an00.p000" configurationId="adc0.an00"/>
      <configSetting altId="adc0.an01.p001" configurationId="adc0.an01"/>
      <configSetting altId="adc0.an02.p002" configurationId="adc0.an02"/>
      <configSetting altId="adc0.an03.p003" configurationId="adc0.an03"/>
      <configSetting altId="adc0.an07.p012" configurationId="adc0.an07"/>
      <configSetting altId="adc0.an08.p013" configurationId="adc0.an08"/>
      <configSetting altId="adc0.mode.custom" configurationId="adc0.mode"/>
      <configSetting altId="debug0.mode.swd" configurationId="debug0.mode"/>
      <configSetting altId="debug0.swclk.p300" configurationId="debug0.swclk"/>
      <configSetting altId="debug0.swdio.p108" configurationId="debug0.swdio"/>
      <configSetting altId="gpt6.gtioca.p111" configurationId="gpt6.gtioca"/>
      <configSetting altId="gpt6.mode.gtiocaorgtiocb.free" configurationId="gpt6.mode"/>
      <configSetting altId="iic0.mode.enabled.free" configurationId="iic0.mode"/>
      <configSetting altId="iic0.pairing.free" configurationId="iic0.pairing"/>
      <configSetting altId="iic0.scl.p408" configurationId="iic0.scl"/>
      <configSetting altId="iic0.sda.p407" configurationId="iic0.sda"/>
      <configSetting altId="irq0.mode.enabled" configurationId="irq0.mode"/>
      <configSetting altId="p000.adc0.an00" configurationId="p000"/>
      <configSetting altId="p000.gpio_mode.gpio_mode_an" configurationId="p000.gpio_mode"/>
      <configSetting altId="p001.adc0.an01" configurationId="p001"/>
      <configSetting altId="p001.gpio_mode.gpio_mode_an" configurationId="p001.gpio_mode"/>
      <configSetting altId="p002.adc0.an02" configurationId="p002"/>
      <configSetting altId="p002.gpio_mode.gpio_mode_an" configurationId="p002.gpio_mode"/>
      <configSetting altId="p003.adc0.an03" configurationId="p003"/>
      <configSetting altId="p003.gpio_mode.gpio_mode_an" configurationId="p003.gpio_mode"/>
      <configSetting altId="p004.input" configurationId="p004"/>
      <configSetting altId="p004.gpio_irq.gpio_irq_enabled" configurationId="p004.gpio_irq"/>
      <configSetting altId="p004.gpio_mode.gpio_mode_in" configurationId="p004.gpio_mode"/>
      <configSetting altId="p012.adc0.an07" configurationId="p012"/>
      <configSetting altId="p012.gpio_mode.gpio_mode_an" configurationId="p012.gpio_mode"/>
      <configSetting altId="p013.adc0.an08" configurationId="p013"/>
      <configSetting altId="p013.gpio_mode.gpio_mode_an" configurationId="p013.gpio_mode"/>
      <configSetting altId="p015.input" configurationId="p015"/>
      <configSetting altId="p015.gpio_irq.gpio_irq_enabled" configurationId="p015.gpio_irq"/>
      <configSetting altId="p015.gpio_mode.gpio_mode_in" configurationId="p015.gpio_mode"/>
      <configSetting altId="p100.spi0.miso" configurationId="p100"/>
      <configSetting altId="p100.gpio_mode.gpio_mode_peripheral" configurationId="p100.gpio_mode"/>
      <configSetting altId="p101.spi0.mosi" configurationId="p101"/>
      <configSetting altId="p101.gpio_mode.gpio_mode_peripheral" configurationId="p101.gpio_mode"/>
      <configSetting altId="p102.spi0.rspck" configurationId="p102"/>
      <configSetting altId="p102.gpio_mode.gpio_mode_peripheral" configurationId="p102.gpio_mode"/>
      <configSetting altId="p103.spi0.ssl0" configurationId="p103"/>
      <configSetting altId="p103.gpio_mode.gpio_mode_peripheral" configurationId="p103.gpio_mode"/>
      <configSetting altId="p104.output.low" configurationId="p104"/>
      <configSetting altId="p104.gpio_mode.gpio_mode_out.low" configurationId="p104.gpio_mode"/>
      <configSetting altId="p105.spi0.ssl2" configurationId="p105"/>
      <configSetting altId="p105.gpio_mode.gpio_mode_peripheral" configurationId="p105.gpio_mode"/>
      <configSetting altId="p106.spi0.ssl3" configurationId="p106"/>
      <configSetting altId="p106.gpio_mode.gpio_mode_peripheral" configurationId="p106.gpio_mode"/>
      <configSetting altId="p107.output.low" configurationId="p107"/>
      <configSetting altId="p107.gpio_mode.gpio_mode_out.low" configurationId="p107.gpio_mode"/>
      <configSetting altId="p108.debug0.swdio" configurationId="p108"/>
      <configSetting altId="p108.gpio_mode.gpio_mode_peripheral" configurationId="p108.gpio_mode"/>
      <configSetting altId="p109.output.low" configurationId="p109"/>
      <configSetting altId="p109.gpio_mode.gpio_mode_out.low" configurationId="p109.gpio_mode"/>
      <configSetting altId="p110.input" configurationId="p110"/>
      <configSetting altId="p110.gpio_irq.gpio_irq_enabled" configurationId="p110.gpio_irq"/>
      <configSetting altId="p110.gpio_mode.gpio_mode_in" configurationId="p110.gpio_mode"/>
      <configSetting altId="p110.gpio_pupd.gpio_pupd_ip_up" configurationId="p110.gpio_pupd"/>
      <configSetting altId="p111.gpt6.gtioca" configurationId="p111"/>
      <configSetting altId="p111.gpio_mode.gpio_mode_peripheral" configurationId="p111.gpio_mode"/>
      <configSetting altId="p112.output.low" configurationId="p112"/>
      <configSetting altId="p112.gpio_mode.gpio_mode_out.low" configurationId="p112.gpio_mode"/>
      <configSetting altId="p113.output.low" configurationId="p113"/>
      <configSetting altId="p113.gpio_mode.gpio_mode_out.low" configurationId="p113.gpio_mode"/>
      <configSetting altId="p205.sci0.txd" configurationId="p205"/>
      <configSetting altId="p205.gpio_mode.gpio_mode_peripheral" configurationId="p205.gpio_mode"/>
      <configSetting altId="p206.sci0.rxd" configurationId="p206"/>
      <configSetting altId="p206.gpio_mode.gpio_mode_peripheral" configurationId="p206.gpio_mode"/>
      <configSetting altId="p207.output.low" configurationId="p207"/>
      <configSetting altId="p207.gpio_mode.gpio_mode_out.low" configurationId="p207.gpio_mode"/>
      <configSetting altId="p208.output.low" configurationId="p208"/>
      <configSetting altId="p208.gpio_mode.gpio_mode_out.low" configurationId="p208.gpio_mode"/>
      <configSetting altId="p300.debug0.swclk" configurationId="p300"/>
      <configSetting altId="p300.gpio_mode.gpio_mode_peripheral" configurationId="p300.gpio_mode"/>
      <configSetting altId="p301.sci2.scl" configurationId="p301"/>
      <configSetting altId="p301.gpio_mode.gpio_mode_peripheral" configurationId="p301.gpio_mode"/>
      <configSetting altId="p301.gpio_otype.gpio_otype_n_ch_od" configurationId="p301.gpio_otype"/>
      <configSetting altId="p302.sci2.sda" configurationId="p302"/>
      <configSetting altId="p302.gpio_mode.gpio_mode_peripheral" configurationId="p302.gpio_mode"/>
      <configSetting altId="p302.gpio_otype.gpio_otype_n_ch_od" configurationId="p302.gpio_otype"/>
      <configSetting altId="p303.output.low" configurationId="p303"/>
      <configSetting altId="p303.gpio_mode.gpio_mode_out.low" configurationId="p303.gpio_mode"/>
      <configSetting altId="p304.output.low" configurationId="p304"/>
      <configSetting altId="p304.gpio_mode.gpio_mode_out.low" configurationId="p304.gpio_mode"/>
      <configSetting altId="p400.sci1.sck" configurationId="p400"/>
      <configSetting altId="p400.gpio_mode.gpio_mode_peripheral" configurationId="p400.gpio_mode"/>
      <configSetting altId="p401.sci1.txd" configurationId="p401"/>
      <configSetting altId="p401.gpio_mode.gpio_mode_peripheral" configurationId="p401.gpio_mode"/>
      <configSetting altId="p402.sci1.rxd" configurationId="p402"/>
      <configSetting altId="p402.gpio_mode.gpio_mode_peripheral" configurationId="p402.gpio_mode"/>
      <configSetting altId="p403.sci1.cts" configurationId="p403"/>
      <configSetting altId="p403.gpio_mode.gpio_mode_peripheral" configurationId="p403.gpio_mode"/>
      <configSetting altId="p407.iic0.sda" configurationId="p407"/>
      <configSetting altId="p407.gpio_mode.gpio_mode_peripheral" configurationId="p407.gpio_mode"/>
      <configSetting altId="p408.iic0.scl" configurationId="p408"/>
      <configSetting altId="p408.gpio_mode.gpio_mode_peripheral" configurationId="p408.gpio_mode"/>
      <configSetting altId="p409.input" configurationId="p409"/>
      <configSetting altId="p409.gpio_irq.gpio_irq_enabled" configurationId="p409.gpio_irq"/>
      <configSetting altId="p409.gpio_mode.gpio_mode_in" configurationId="p409.gpio_mode"/>
      <configSetting altId="p409.gpio_pupd.gpio_pupd_ip_up" configurationId="p409.gpio_pupd"/>
      <configSetting altId="p410.output.low" configurationId="p410"/>
      <configSetting altId="p410.gpio_mode.gpio_mode_out.low" configurationId="p410.gpio_mode"/>
      <configSetting altId="p411.input" configurationId="p411"/>
      <configSetting altId="p411.gpio_irq.gpio_irq_enabled" configurationId="p411.gpio_irq"/>
      <configSetting altId="p411.gpio_mode.gpio_mode_in" configurationId="p411.gpio_mode"/>
      <configSetting altId="p411.gpio_pupd.gpio_pupd_ip_up" configurationId="p411.gpio_pupd"/>
      <configSetting altId="p500.output.low" configurationId="p500"/>
      <configSetting altId="p500.gpio_mode.gpio_mode_out.low" configurationId="p500.gpio_mode"/>
      <configSetting altId="p501.sci1.sda" configurationId="p501"/>
      <configSetting altId="p501.gpio_mode.gpio_mode_peripheral" configurationId="p501.gpio_mode"/>
      <configSetting altId="p501.gpio_otype.gpio_otype_n_ch_od" configurationId="p501.gpio_otype"/>
      <configSetting altId="p502.sci1.scl" configurationId="p502"/>
      <configSetting altId="p502.gpio_mode.gpio_mode_peripheral" configurationId="p502.gpio_mode"/>
      <configSetting altId="p502.gpio_otype.gpio_otype_n_ch_od" configurationId="p502.gpio_otype"/>
      <configSetting altId="p913.output.low" configurationId="p913"/>
      <configSetting altId="p913.gpio_mode.gpio_mode_out.low" configurationId="p913.gpio_mode"/>
      <configSetting altId="p914.output.low" configurationId="p914"/>
      <configSetting altId="p914.gpio_mode.gpio_mode_out.low" configurationId="p914.gpio_mode"/>
      <configSetting altId="p915.output.low" configurationId="p915"/>
      <configSetting altId="p915.gpio_mode.gpio_mode_out.low" configurationId="p915.gpio_mode"/>
      <configSetting altId="sci0.mode.asynchronous.free" configurationId="sci0.mode"/>
      <configSetting altId="sci0.rxd.p206" configurationId="sci0.rxd"/>
      <configSetting altId="sci0.txd.p205" configurationId="sci0.txd"/>
      <configSetting altId="sci1.cts.p403" configurationId="sci1.cts"/>
      <configSetting altId="sci1.mode.custom.free" configurationId="sci1.mode"/>
      <configSetting altId="sci1.rxd.p402" configurationId="sci1.rxd"/>
      <configSetting altId="sci1.sck.p400" configurationId="sci1.sck"/>
      <configSetting altId="sci1.scl.p502" configurationId="sci1.scl"/>
      <configSetting altId="sci1.sda.p501" configurationId="sci1.sda"/>
      <configSetting altId="sci1.txd.p401" configurationId="sci1.txd"/>
      <configSetting altId="sci2.mode.iic.free" configurationId="sci2.mode"/>
      <configSetting altId="sci2.scl.p301" configurationId="sci2.scl"/>
      <configSetting altId="sci2.sda.p302" configurationId="sci2.sda"/>
      <configSetting altId="spi0.miso.p100" configurationId="spi0.miso"/>
      <configSetting altId="spi0.mode.enabled.free" configurationId="spi0.mode"/>
      <configSetting altId="spi0.mosi.p101" configurationId="spi0.mosi"/>
      <configSetting altId="spi0.pairing.free" configurationId="spi0.pairing"/>
      <configSetting altId="spi0.rspck.p102" configurationId="spi0.rspck"/>
      <configSetting altId="spi0.ssl0.p103" configurationId="spi0.ssl0"/>
      <configSetting altId="spi0.ssl2.p105" configurationId="spi0.ssl2"/>
      <configSetting altId="spi0.ssl3.p106" configurationId="spi0.ssl3"/>
    </pincfg>
    <pincfg active="false" name="R7FA2E1A92DFM.pincfg" selected="false" symbol="">
      <configSetting altId="debug0.mode.swd" configurationId="debug0.mode"/>
      <configSetting altId="debug0.swclk.p300" configurationId="debug0.swclk"/>
      <configSetting altId="debug0.swdio.p108" configurationId="debug0.swdio"/>
      <configSetting altId="p108.debug0.swdio" configurationId="p108"/>
      <configSetting altId="p108.gpio_mode.gpio_mode_peripheral" configurationId="p108.gpio_mode"/>
      <configSetting altId="p300.debug0.swclk" configurationId="p300"/>
      <configSetting altId="p300.gpio_mode.gpio_mode_peripheral" configurationId="p300.gpio_mode"/>
    </pincfg>
  </raPinConfiguration>
</raConfiguration>
